Unnamed: 0,Query,Song Name,Info,spotify_id,streams_total,popularity_current,playlists_current,playlists_total,playlists_editorial_current,playlists_editorial_total,playlist_reach_current,playlist_reach_total,charts_current,charts_total
0,q=working%20music%20in%20classical%20style%20for%20calming%20,"Turandot, SC 91: ""Nessun Dorma"" - Arr. for String Orchestra by Matt Naughtin","{'danceability': 0.17, 'energy': 0.149, 'key': 2, 'loudness': -18.71, 'mode': 1, 'speechiness': 0.0434, 'acousticness': 0.477, 'instrumentalness': 0.917, 'liveness': 0.118, 'valence': 0.0373, 'tempo': 112.67, 'type': 'audio_features', 'id': '6a0uCh0i9ICDwLgjuZwhTI', 'uri': 'spotify:track:6a0uCh0i9ICDwLgjuZwhTI', 'track_href': 'https://api.spotify.com/v1/tracks/6a0uCh0i9ICDwLgjuZwhTI', 'analysis_url': 'https://api.spotify.com/v1/audio-analysis/6a0uCh0i9ICDwLgjuZwhTI', 'duration_ms': 188000, 'time_signature': 5}",6a0uCh0i9ICDwLgjuZwhTI,370619,34,4,5,1,2,208611,926009,0,0
1,q=working%20music%20in%20classical%20style%20for%20calming%20,"By the Still Waters, Op. 114","{'danceability': 0.219, 'energy': 0.00913, 'key': 1, 'loudness': -42.727, 'mode': 1, 'speechiness': 0.0352, 'acousticness': 0.993, 'instrumentalness': 0.882, 'liveness': 0.0807, 'valence': 0.0702, 'tempo': 75.77, 'type': 'audio_features', 'id': '3qLZnIVAiGexuNuG8Aptrq', 'uri': 'spotify:track:3qLZnIVAiGexuNuG8Aptrq', 'track_href': 'https://api.spotify.com/v1/tracks/3qLZnIVAiGexuNuG8Aptrq', 'analysis_url': 'https://api.spotify.com/v1/audio-analysis/3qLZnIVAiGexuNuG8Aptrq', 'duration_ms': 187293, 'time_signature': 4}",3qLZnIVAiGexuNuG8Aptrq,21155105,53,41,75,2,4,1289922,2215882,0,0
2,q=working%20music%20in%20classical%20style%20for%20calming%20,"String Quintet No. 3 in C Major, K. 515*: II. Andante","{'danceability': 0.161, 'energy': 0.0569, 'key': 5, 'loudness': -24.697, 'mode': 1, 'speechiness': 0.0489, 'acousticness': 0.948, 'instrumentalness': 0.76, 'liveness': 0.0996, 'valence': 0.136, 'tempo': 80.268, 'type': 'audio_features', 'id': '3BYhyLzNIvSaFY2jGomMKr', 'uri': 'spotify:track:3BYhyLzNIvSaFY2jGomMKr', 'track_href': 'https://api.spotify.com/v1/tracks/3BYhyLzNIvSaFY2jGomMKr', 'analysis_url': 'https://api.spotify.com/v1/audio-analysis/3BYhyLzNIvSaFY2jGomMKr', 'duration_ms': 546400, 'time_signature': 3}",3BYhyLzNIvSaFY2jGomMKr,4006628,39,9,10,3,3,564147,564973,0,0
3,q=working%20music%20in%20classical%20style%20for%20calming%20,"String Quartet No. 19 in C Major, K. 465, ""Dissonance"": II. Andante cantabile","{'danceability': 0.152, 'energy': 0.0549, 'key': 5, 'loudness': -23.525, 'mode': 1, 'speechiness': 0.047, 'acousticness': 0.936, 'instrumentalness': 0.844, 'liveness': 0.109, 'valence': 0.0647, 'tempo': 92.329, 'type': 'audio_features', 'id': '6O7iXmIucRXi1ZmCS9jaat', 'uri': 'spotify:track:6O7iXmIucRXi1ZmCS9jaat', 'track_href': 'https://api.spotify.com/v1/tracks/6O7iXmIucRXi1ZmCS9jaat', 'analysis_url': 'https://api.spotify.com/v1/audio-analysis/6O7iXmIucRXi1ZmCS9jaat', 'duration_ms': 454760, 'time_signature': 4}",6O7iXmIucRXi1ZmCS9jaat,2673990,36,11,14,2,2,390114,474810,0,0
4,q=working%20music%20in%20classical%20style%20for%20calming%20,Enigma Variations: Nimrod,"{'danceability': 0.187, 'energy': 0.239, 'key': 3, 'loudness': -15.022, 'mode': 1, 'speechiness': 0.0405, 'acousticness': 0.133, 'instrumentalness': 0.948, 'liveness': 0.103, 'valence': 0.0394, 'tempo': 83.334, 'type': 'audio_features', 'id': '0FvSR6SVzJRFXlneneRpcB', 'uri': 'spotify:track:0FvSR6SVzJRFXlneneRpcB', 'track_href': 'https://api.spotify.com/v1/tracks/0FvSR6SVzJRFXlneneRpcB', 'analysis_url': 'https://api.spotify.com/v1/audio-analysis/0FvSR6SVzJRFXlneneRpcB', 'duration_ms': 189201, 'time_signature': 4}",0FvSR6SVzJRFXlneneRpcB,3718632,0,9,31,0,4,107613,1489566,0,0
5,q=working%20music%20in%20classical%20style%20for%20calming%20,VENUS in Sunlight Grey,"{'danceability': 0.281, 'energy': 0.132, 'key': 8, 'loudness': -17.366, 'mode': 1, 'speechiness': 0.0399, 'acousticness': 0.959, 'instrumentalness': 0.855, 'liveness': 0.0799, 'valence': 0.0371, 'tempo': 126.302, 'type': 'audio_features', 'id': '1vAUDGCObZGyxUxgh3rtl6', 'uri': 'spotify:track:1vAUDGCObZGyxUxgh3rtl6', 'track_href': 'https://api.spotify.com/v1/tracks/1vAUDGCObZGyxUxgh3rtl6', 'analysis_url': 'https://api.spotify.com/v1/audio-analysis/1vAUDGCObZGyxUxgh3rtl6', 'duration_ms': 247813, 'time_signature': 3}",1vAUDGCObZGyxUxgh3rtl6,1216694,35,7,12,2,3,650205,1447689,0,0
6,q=working%20music%20in%20classical%20style%20for%20calming%20,Cavatina,"{'danceability': 0.297, 'energy': 0.0875, 'key': 4, 'loudness': -22.874, 'mode': 1, 'speechiness': 0.0432, 'acousticness': 0.988, 'instrumentalness': 0.943, 'liveness': 0.103, 'valence': 0.365, 'tempo': 78.676, 'type': 'audio_features', 'id': '6AiTxlRQ2lWO69bPDtTz29', 'uri': 'spotify:track:6AiTxlRQ2lWO69bPDtTz29', 'track_href': 'https://api.spotify.com/v1/tracks/6AiTxlRQ2lWO69bPDtTz29', 'analysis_url': 'https://api.spotify.com/v1/audio-analysis/6AiTxlRQ2lWO69bPDtTz29', 'duration_ms': 239640, 'time_signature': 5}",6AiTxlRQ2lWO69bPDtTz29,4786791,32,117,146,0,2,350699,610676,0,0
7,q=working%20music%20in%20classical%20style%20for%20calming%20,Landsort,"{'danceability': 0.385, 'energy': 0.00573, 'key': 11, 'loudness': -36.214, 'mode': 1, 'speechiness': 0.0365, 'acousticness': 0.991, 'instrumentalness': 0.699, 'liveness': 0.0921, 'valence': 0.302, 'tempo': 101.688, 'type': 'audio_features', 'id': '0VrOdgTIh68gW8p9WkXSPY', 'uri': 'spotify:track:0VrOdgTIh68gW8p9WkXSPY', 'track_href': 'https://api.spotify.com/v1/tracks/0VrOdgTIh68gW8p9WkXSPY', 'analysis_url': 'https://api.spotify.com/v1/audio-analysis/0VrOdgTIh68gW8p9WkXSPY', 'duration_ms': 139690, 'time_signature': 4}",0VrOdgTIh68gW8p9WkXSPY,5660500,0,10,18,2,5,685270,963374,0,0
8,q=working%20music%20in%20classical%20style%20for%20calming%20,"String Quartet No. 21 in D Major, K. 575, ""Prussian No. 1"": II. Andante","{'danceability': 0.163, 'energy': 0.0488, 'key': 9, 'loudness': -24.094, 'mode': 1, 'speechiness': 0.0467, 'acousticness': 0.974, 'instrumentalness': 0.832, 'liveness': 0.183, 'valence': 0.116, 'tempo': 89.66, 'type': 'audio_features', 'id': '7tPmBwMQpAKHhcsXujduYs', 'uri': 'spotify:track:7tPmBwMQpAKHhcsXujduYs', 'track_href': 'https://api.spotify.com/v1/tracks/7tPmBwMQpAKHhcsXujduYs', 'analysis_url': 'https://api.spotify.com/v1/audio-analysis/7tPmBwMQpAKHhcsXujduYs', 'duration_ms': 268547, 'time_signature': 4}",7tPmBwMQpAKHhcsXujduYs,3121257,37,15,16,2,2,396576,397402,0,0
9,q=working%20music%20in%20classical%20style%20for%20calming%20,"String Quartet No. 14 in G Major, K. 387: III. Andante cantabile","{'danceability': 0.131, 'energy': 0.0378, 'key': 0, 'loudness': -25.268, 'mode': 1, 'speechiness': 0.0481, 'acousticness': 0.963, 'instrumentalness': 0.738, 'liveness': 0.0825, 'valence': 0.0792, 'tempo': 64.613, 'type': 'audio_features', 'id': '10sEfHy8IUzqtuiumsBY3E', 'uri': 'spotify:track:10sEfHy8IUzqtuiumsBY3E', 'track_href': 'https://api.spotify.com/v1/tracks/10sEfHy8IUzqtuiumsBY3E', 'analysis_url': 'https://api.spotify.com/v1/audio-analysis/10sEfHy8IUzqtuiumsBY3E', 'duration_ms': 462880, 'time_signature': 4}",10sEfHy8IUzqtuiumsBY3E,4833998,39,19,34,3,4,586068,691152,0,0
10,q=calming%20reading%20inacafe%20,Becoming Aquatic,"{'danceability': 0.474, 'energy': 0.0722, 'key': 0, 'loudness': -29.766, 'mode': 0, 'speechiness': 0.043, 'acousticness': 0.995, 'instrumentalness': 0.951, 'liveness': 0.116, 'valence': 0.346, 'tempo': 117.456, 'type': 'audio_features', 'id': '1tL38PwWYelt7UrUJlyPP3', 'uri': 'spotify:track:1tL38PwWYelt7UrUJlyPP3', 'track_href': 'https://api.spotify.com/v1/tracks/1tL38PwWYelt7UrUJlyPP3', 'analysis_url': 'https://api.spotify.com/v1/audio-analysis/1tL38PwWYelt7UrUJlyPP3', 'duration_ms': 140000, 'time_signature': 4}",1tL38PwWYelt7UrUJlyPP3,5424208,46,74,103,0,0,468007,533565,0,0
11,q=calming%20reading%20inacafe%20,August,"{'danceability': 0.226, 'energy': 0.101, 'key': 1, 'loudness': -21.513, 'mode': 1, 'speechiness': 0.032, 'acousticness': 0.991, 'instrumentalness': 0.947, 'liveness': 0.106, 'valence': 0.139, 'tempo': 76.41, 'type': 'audio_features', 'id': '2VOIhAAQ1l03SZaWCpqAuq', 'uri': 'spotify:track:2VOIhAAQ1l03SZaWCpqAuq', 'track_href': 'https://api.spotify.com/v1/tracks/2VOIhAAQ1l03SZaWCpqAuq', 'analysis_url': 'https://api.spotify.com/v1/audio-analysis/2VOIhAAQ1l03SZaWCpqAuq', 'duration_ms': 169507, 'time_signature': 3}",2VOIhAAQ1l03SZaWCpqAuq,1455379,38,20,46,1,1,395064,467673,0,0
12,q=calming%20reading%20inacafe%20,Calm Cafe,"{'danceability': 0.525, 'energy': 0.13, 'key': 3, 'loudness': -18.364, 'mode': 1, 'speechiness': 0.0339, 'acousticness': 0.969, 'instrumentalness': 0.865, 'liveness': 0.109, 'valence': 0.195, 'tempo': 80.047, 'type': 'audio_features', 'id': '68tHV1ohAlH5I7zbgKwhYO', 'uri': 'spotify:track:68tHV1ohAlH5I7zbgKwhYO', 'track_href': 'https://api.spotify.com/v1/tracks/68tHV1ohAlH5I7zbgKwhYO', 'analysis_url': 'https://api.spotify.com/v1/audio-analysis/68tHV1ohAlH5I7zbgKwhYO', 'duration_ms': 244000, 'time_signature': 3}",68tHV1ohAlH5I7zbgKwhYO,242881,33,2,2,0,0,683,683,0,0
13,q=calming%20reading%20inacafe%20,Waiting by the Phone,"{'danceability': 0.497, 'energy': 0.19, 'key': 0, 'loudness': -14.137, 'mode': 1, 'speechiness': 0.0346, 'acousticness': 0.942, 'instrumentalness': 0.184, 'liveness': 0.114, 'valence': 0.219, 'tempo': 87.949, 'type': 'audio_features', 'id': '397hvHWGjqV44uHE6W3twB', 'uri': 'spotify:track:397hvHWGjqV44uHE6W3twB', 'track_href': 'https://api.spotify.com/v1/tracks/397hvHWGjqV44uHE6W3twB', 'analysis_url': 'https://api.spotify.com/v1/audio-analysis/397hvHWGjqV44uHE6W3twB', 'duration_ms': 170000, 'time_signature': 3}",397hvHWGjqV44uHE6W3twB,266444,34,2,3,0,0,683,993,0,0
14,q=calming%20reading%20inacafe%20,Reading by Candlelight,"{'danceability': 0.409, 'energy': 0.124, 'key': 5, 'loudness': -15.964, 'mode': 0, 'speechiness': 0.0315, 'acousticness': 0.918, 'instrumentalness': 0.689, 'liveness': 0.131, 'valence': 0.19, 'tempo': 70.125, 'type': 'audio_features', 'id': '0DsLNSV3ApkkiBonQMqk4p', 'uri': 'spotify:track:0DsLNSV3ApkkiBonQMqk4p', 'track_href': 'https://api.spotify.com/v1/tracks/0DsLNSV3ApkkiBonQMqk4p', 'analysis_url': 'https://api.spotify.com/v1/audio-analysis/0DsLNSV3ApkkiBonQMqk4p', 'duration_ms': 316000, 'time_signature': 4}",0DsLNSV3ApkkiBonQMqk4p,189345,32,3,3,0,0,1193,1193,0,0
15,q=calming%20reading%20inacafe%20,Cozy In The Cold,"{'danceability': 0.345, 'energy': 0.0184, 'key': 1, 'loudness': -24.83, 'mode': 1, 'speechiness': 0.0416, 'acousticness': 0.982, 'instrumentalness': 0.929, 'liveness': 0.106, 'valence': 0.115, 'tempo': 102.016, 'type': 'audio_features', 'id': '2nTaGLJ1bjaXEx0pbCSUmP', 'uri': 'spotify:track:2nTaGLJ1bjaXEx0pbCSUmP', 'track_href': 'https://api.spotify.com/v1/tracks/2nTaGLJ1bjaXEx0pbCSUmP', 'analysis_url': 'https://api.spotify.com/v1/audio-analysis/2nTaGLJ1bjaXEx0pbCSUmP', 'duration_ms': 128359, 'time_signature': 3}",2nTaGLJ1bjaXEx0pbCSUmP,90254,37,17,20,0,0,381565,392798,0,0
16,q=calming%20reading%20inacafe%20,October 1st,"{'danceability': 0.365, 'energy': 0.264, 'key': 0, 'loudness': -12.634, 'mode': 1, 'speechiness': 0.0393, 'acousticness': 0.674, 'instrumentalness': 0.765, 'liveness': 0.106, 'valence': 0.312, 'tempo': 95.071, 'type': 'audio_features', 'id': '5usX93km0rCvRXOrXppnGD', 'uri': 'spotify:track:5usX93km0rCvRXOrXppnGD', 'track_href': 'https://api.spotify.com/v1/tracks/5usX93km0rCvRXOrXppnGD', 'analysis_url': 'https://api.spotify.com/v1/audio-analysis/5usX93km0rCvRXOrXppnGD', 'duration_ms': 256000, 'time_signature': 4}",5usX93km0rCvRXOrXppnGD,196400,32,3,3,0,0,2165,2165,0,0
17,q=calming%20reading%20inacafe%20,I Wish I Knew,"{'danceability': 0.48, 'energy': 0.116, 'key': 5, 'loudness': -17.142, 'mode': 1, 'speechiness': 0.0297, 'acousticness': 0.959, 'instrumentalness': 0.937, 'liveness': 0.11, 'valence': 0.338, 'tempo': 84.993, 'type': 'audio_features', 'id': '1tcgQOpURUOLGDWJbyYD5x', 'uri': 'spotify:track:1tcgQOpURUOLGDWJbyYD5x', 'track_href': 'https://api.spotify.com/v1/tracks/1tcgQOpURUOLGDWJbyYD5x', 'analysis_url': 'https://api.spotify.com/v1/audio-analysis/1tcgQOpURUOLGDWJbyYD5x', 'duration_ms': 353125, 'time_signature': 4}",1tcgQOpURUOLGDWJbyYD5x,280354,34,4,5,0,0,4177,4487,0,0
18,q=calming%20reading%20inacafe%20,Take Care of Me,"{'danceability': 0.54, 'energy': 0.00212, 'key': 9, 'loudness': -36.384, 'mode': 0, 'speechiness': 0.0743, 'acousticness': 0.994, 'instrumentalness': 0.976, 'liveness': 0.115, 'valence': 0.143, 'tempo': 62.532, 'type': 'audio_features', 'id': '6000QFY5sfnTZFYZUTlyyv', 'uri': 'spotify:track:6000QFY5sfnTZFYZUTlyyv', 'track_href': 'https://api.spotify.com/v1/tracks/6000QFY5sfnTZFYZUTlyyv', 'analysis_url': 'https://api.spotify.com/v1/audio-analysis/6000QFY5sfnTZFYZUTlyyv', 'duration_ms': 62125, 'time_signature': 4}",6000QFY5sfnTZFYZUTlyyv,565812,0,19,20,0,0,383192,410284,0,0
19,q=calming%20reading%20inacafe%20,Magic Hour,"{'danceability': 0.268, 'energy': 0.265, 'key': 7, 'loudness': -15.012, 'mode': 0, 'speechiness': 0.0341, 'acousticness': 0.857, 'instrumentalness': 0.97, 'liveness': 0.363, 'valence': 0.175, 'tempo': 111.08, 'type': 'audio_features', 'id': '23inRX6rRA93h3XIvM7uLR', 'uri': 'spotify:track:23inRX6rRA93h3XIvM7uLR', 'track_href': 'https://api.spotify.com/v1/tracks/23inRX6rRA93h3XIvM7uLR', 'analysis_url': 'https://api.spotify.com/v1/audio-analysis/23inRX6rRA93h3XIvM7uLR', 'duration_ms': 188750, 'time_signature': 1}",23inRX6rRA93h3XIvM7uLR,193783,32,2,2,0,0,683,683,0,0
20,q=folk%20sad%20studying%20,QKThr,"{'danceability': 0.451, 'energy': 0.0223, 'key': 1, 'loudness': -26.117, 'mode': 1, 'speechiness': 0.0461, 'acousticness': 0.993, 'instrumentalness': 0.768, 'liveness': 0.13, 'valence': 0.0573, 'tempo': 79.042, 'type': 'audio_features', 'id': '4LIM4qmpHABufePRrLWbiM', 'uri': 'spotify:track:4LIM4qmpHABufePRrLWbiM', 'track_href': 'https://api.spotify.com/v1/tracks/4LIM4qmpHABufePRrLWbiM', 'analysis_url': 'https://api.spotify.com/v1/audio-analysis/4LIM4qmpHABufePRrLWbiM', 'duration_ms': 87467, 'time_signature': 3}",4LIM4qmpHABufePRrLWbiM,108584418,67,1219,1472,2,4,6345084,13517004,0,0
21,q=folk%20sad%20studying%20,QKThr - Slowed,"{'danceability': 0.285, 'energy': 0.00111, 'key': 11, 'loudness': -27.809, 'mode': 0, 'speechiness': 0.0371, 'acousticness': 0.996, 'instrumentalness': 0.939, 'liveness': 0.0997, 'valence': 0.078, 'tempo': 135.568, 'type': 'audio_features', 'id': '2QRm7AYSm0qeWeRTl4Zil7', 'uri': 'spotify:track:2QRm7AYSm0qeWeRTl4Zil7', 'track_href': 'https://api.spotify.com/v1/tracks/2QRm7AYSm0qeWeRTl4Zil7', 'analysis_url': 'https://api.spotify.com/v1/audio-analysis/2QRm7AYSm0qeWeRTl4Zil7', 'duration_ms': 146424, 'time_signature': 3}",2QRm7AYSm0qeWeRTl4Zil7,27508973,0,74,85,0,0,203916,216258,0,0
22,q=folk%20sad%20studying%20,heavy focus,"{'danceability': 0.496, 'energy': 0.128, 'key': 10, 'loudness': -16.914, 'mode': 1, 'speechiness': 0.0357, 'acousticness': 0.934, 'instrumentalness': 0.000233, 'liveness': 0.104, 'valence': 0.196, 'tempo': 139.093, 'type': 'audio_features', 'id': '3hHxcz8pGLihxsoAGlBo3v', 'uri': 'spotify:track:3hHxcz8pGLihxsoAGlBo3v', 'track_href': 'https://api.spotify.com/v1/tracks/3hHxcz8pGLihxsoAGlBo3v', 'analysis_url': 'https://api.spotify.com/v1/audio-analysis/3hHxcz8pGLihxsoAGlBo3v', 'duration_ms': 154749, 'time_signature': 4}",3hHxcz8pGLihxsoAGlBo3v,6541214,0,50,94,0,0,79469,255523,0,0
23,q=folk%20sad%20studying%20,lavender blood,"{'danceability': 0.356, 'energy': 0.162, 'key': 1, 'loudness': -16.848, 'mode': 1, 'speechiness': 0.0372, 'acousticness': 0.986, 'instrumentalness': 0.0337, 'liveness': 0.11, 'valence': 0.205, 'tempo': 83.283, 'type': 'audio_features', 'id': '4sXwt3StCVkgLyxxvgVXrq', 'uri': 'spotify:track:4sXwt3StCVkgLyxxvgVXrq', 'track_href': 'https://api.spotify.com/v1/tracks/4sXwt3StCVkgLyxxvgVXrq', 'analysis_url': 'https://api.spotify.com/v1/audio-analysis/4sXwt3StCVkgLyxxvgVXrq', 'duration_ms': 158786, 'time_signature': 4}",4sXwt3StCVkgLyxxvgVXrq,36861064,48,735,930,2,3,2177305,3685331,0,1
24,q=folk%20sad%20studying%20,Quiet Houses,"{'danceability': 0.569, 'energy': 0.662, 'key': 11, 'loudness': -6.911, 'mode': 1, 'speechiness': 0.0254, 'acousticness': 0.0275, 'instrumentalness': 0.488, 'liveness': 0.178, 'valence': 0.545, 'tempo': 109.88, 'type': 'audio_features', 'id': '4r92wg5khzEKYB4SZ8s82H', 'uri': 'spotify:track:4r92wg5khzEKYB4SZ8s82H', 'track_href': 'https://api.spotify.com/v1/tracks/4r92wg5khzEKYB4SZ8s82H', 'analysis_url': 'https://api.spotify.com/v1/audio-analysis/4r92wg5khzEKYB4SZ8s82H', 'duration_ms': 212253, 'time_signature': 4}",4r92wg5khzEKYB4SZ8s82H,15827807,40,94,146,0,1,133982,435663,0,0
25,q=folk%20sad%20studying%20,PP1,"{'danceability': 0.132, 'energy': 0.194, 'key': 10, 'loudness': -12.906, 'mode': 1, 'speechiness': 0.0327, 'acousticness': 0.912, 'instrumentalness': 0.148, 'liveness': 0.11, 'valence': 0.0392, 'tempo': 79.745, 'type': 'audio_features', 'id': '1lZUpqag6NEbHJqOEVKsAz', 'uri': 'spotify:track:1lZUpqag6NEbHJqOEVKsAz', 'track_href': 'https://api.spotify.com/v1/tracks/1lZUpqag6NEbHJqOEVKsAz', 'analysis_url': 'https://api.spotify.com/v1/audio-analysis/1lZUpqag6NEbHJqOEVKsAz', 'duration_ms': 261597, 'time_signature': 3}",1lZUpqag6NEbHJqOEVKsAz,10164788,53,212,245,1,2,1843475,2144671,0,0
26,q=folk%20sad%20studying%20,Everything Stays,"{'danceability': 0.657, 'energy': 0.0283, 'key': 7, 'loudness': -18.737, 'mode': 1, 'speechiness': 0.0427, 'acousticness': 0.989, 'instrumentalness': 0.00191, 'liveness': 0.118, 'valence': 0.563, 'tempo': 125.029, 'type': 'audio_features', 'id': '6vS0JAWzt71xRPNqIRjhIH', 'uri': 'spotify:track:6vS0JAWzt71xRPNqIRjhIH', 'track_href': 'https://api.spotify.com/v1/tracks/6vS0JAWzt71xRPNqIRjhIH', 'analysis_url': 'https://api.spotify.com/v1/audio-analysis/6vS0JAWzt71xRPNqIRjhIH', 'duration_ms': 99360, 'time_signature': 3}",6vS0JAWzt71xRPNqIRjhIH,4013048,0,119,145,0,0,144541,170192,0,0
27,q=folk%20sad%20studying%20,A Heart Made of Yarn,"{'danceability': 0.452, 'energy': 0.101, 'key': 10, 'loudness': -20.056, 'mode': 0, 'speechiness': 0.0414, 'acousticness': 0.987, 'instrumentalness': 0.933, 'liveness': 0.124, 'valence': 0.0922, 'tempo': 69.267, 'type': 'audio_features', 'id': '7eYv5oHdeOkIXC5YOpxPLR', 'uri': 'spotify:track:7eYv5oHdeOkIXC5YOpxPLR', 'track_href': 'https://api.spotify.com/v1/tracks/7eYv5oHdeOkIXC5YOpxPLR', 'analysis_url': 'https://api.spotify.com/v1/audio-analysis/7eYv5oHdeOkIXC5YOpxPLR', 'duration_ms': 203070, 'time_signature': 3}",7eYv5oHdeOkIXC5YOpxPLR,6455917,0,290,329,0,9,1440514,8156144,0,0
28,q=folk%20sad%20studying%20,fable,"{'danceability': 0.371, 'energy': 0.0666, 'key': 7, 'loudness': -29.922, 'mode': 1, 'speechiness': 0.0411, 'acousticness': 0.986, 'instrumentalness': 0.912, 'liveness': 0.0962, 'valence': 0.138, 'tempo': 156.234, 'type': 'audio_features', 'id': '4dNCtqHEBPcFt08498i6oW', 'uri': 'spotify:track:4dNCtqHEBPcFt08498i6oW', 'track_href': 'https://api.spotify.com/v1/tracks/4dNCtqHEBPcFt08498i6oW', 'analysis_url': 'https://api.spotify.com/v1/audio-analysis/4dNCtqHEBPcFt08498i6oW', 'duration_ms': 170769, 'time_signature': 4}",4dNCtqHEBPcFt08498i6oW,6624950,55,76,112,0,1,245956,703582,0,0
29,q=folk%20sad%20studying%20,Ribs,"{'danceability': 0.443, 'energy': 0.559, 'key': 9, 'loudness': -8.53, 'mode': 1, 'speechiness': 0.0309, 'acousticness': 0.697, 'instrumentalness': 1.49e-05, 'liveness': 0.107, 'valence': 0.205, 'tempo': 87.994, 'type': 'audio_features', 'id': '45pkAGzkOs86ZxNWt7uB74', 'uri': 'spotify:track:45pkAGzkOs86ZxNWt7uB74', 'track_href': 'https://api.spotify.com/v1/tracks/45pkAGzkOs86ZxNWt7uB74', 'analysis_url': 'https://api.spotify.com/v1/audio-analysis/45pkAGzkOs86ZxNWt7uB74', 'duration_ms': 271640, 'time_signature': 4}",45pkAGzkOs86ZxNWt7uB74,4093704,11,79,88,0,0,108964,344110,0,0
30,q=intense%20workout%20playlist%20pop%20,10:35,"{'danceability': 0.696, 'energy': 0.793, 'key': 8, 'loudness': -5.733, 'mode': 1, 'speechiness': 0.097, 'acousticness': 0.0683, 'instrumentalness': 3.78e-06, 'liveness': 0.18, 'valence': 0.698, 'tempo': 120.003, 'type': 'audio_features', 'id': '5M0ApBngnLXxx0yO8YUrNG', 'uri': 'spotify:track:5M0ApBngnLXxx0yO8YUrNG', 'track_href': 'https://api.spotify.com/v1/tracks/5M0ApBngnLXxx0yO8YUrNG', 'analysis_url': 'https://api.spotify.com/v1/audio-analysis/5M0ApBngnLXxx0yO8YUrNG', 'duration_ms': 172253, 'time_signature': 4}",5M0ApBngnLXxx0yO8YUrNG,633408050,75,2993,6182,36,249,89741196,339682907,2,151
31,q=intense%20workout%20playlist%20pop%20,Levitating (Clean Workout Mix),"{'danceability': 0.667, 'energy': 0.76, 'key': 11, 'loudness': -6.092, 'mode': 0, 'speechiness': 0.0473, 'acousticness': 0.00415, 'instrumentalness': 0.00378, 'liveness': 0.0632, 'valence': 0.858, 'tempo': 127.968, 'type': 'audio_features', 'id': '0iAYMSIorDjcqgcuM5eLIi', 'uri': 'spotify:track:0iAYMSIorDjcqgcuM5eLIi', 'track_href': 'https://api.spotify.com/v1/tracks/0iAYMSIorDjcqgcuM5eLIi', 'analysis_url': 'https://api.spotify.com/v1/audio-analysis/0iAYMSIorDjcqgcuM5eLIi', 'duration_ms': 257812, 'time_signature': 4}",0iAYMSIorDjcqgcuM5eLIi,120774,0,0,0,0,0,0,0,0,0
32,q=intense%20workout%20playlist%20pop%20,Kings & Queens,"{'danceability': 0.637, 'energy': 0.69, 'key': 1, 'loudness': -4.057, 'mode': 0, 'speechiness': 0.0405, 'acousticness': 0.00786, 'instrumentalness': 0, 'liveness': 0.124, 'valence': 0.457, 'tempo': 129.857, 'type': 'audio_features', 'id': '7imsk3nXfouTWG8nxDE4GC', 'uri': 'spotify:track:7imsk3nXfouTWG8nxDE4GC', 'track_href': 'https://api.spotify.com/v1/tracks/7imsk3nXfouTWG8nxDE4GC', 'analysis_url': 'https://api.spotify.com/v1/audio-analysis/7imsk3nXfouTWG8nxDE4GC', 'duration_ms': 162399, 'time_signature': 4}",7imsk3nXfouTWG8nxDE4GC,1035849108,77,4301,7683,23,267,18362022,271376046,0,91
33,q=intense%20workout%20playlist%20pop%20,Kings & Queens (Clean Workout Mix),"{'danceability': 0.699, 'energy': 0.851, 'key': 1, 'loudness': -7.602, 'mode': 0, 'speechiness': 0.0554, 'acousticness': 0.0444, 'instrumentalness': 0.0485, 'liveness': 0.136, 'valence': 0.917, 'tempo': 127.99, 'type': 'audio_features', 'id': '52aUTpbMLlaNjlu61OujMv', 'uri': 'spotify:track:52aUTpbMLlaNjlu61OujMv', 'track_href': 'https://api.spotify.com/v1/tracks/52aUTpbMLlaNjlu61OujMv', 'analysis_url': 'https://api.spotify.com/v1/audio-analysis/52aUTpbMLlaNjlu61OujMv', 'duration_ms': 274219, 'time_signature': 4}",52aUTpbMLlaNjlu61OujMv,48708,0,0,0,0,0,0,0,0,0
34,q=intense%20workout%20playlist%20pop%20,Girls Like You - Workout Remix 128 Bpm,"{'danceability': 0.743, 'energy': 0.869, 'key': 0, 'loudness': -5.353, 'mode': 1, 'speechiness': 0.0408, 'acousticness': 0.000435, 'instrumentalness': 0.0111, 'liveness': 0.0287, 'valence': 0.919, 'tempo': 127.993, 'type': 'audio_features', 'id': '7pAY1Ewl6hKFByDCrAh9wq', 'uri': 'spotify:track:7pAY1Ewl6hKFByDCrAh9wq', 'track_href': 'https://api.spotify.com/v1/tracks/7pAY1Ewl6hKFByDCrAh9wq', 'analysis_url': 'https://api.spotify.com/v1/audio-analysis/7pAY1Ewl6hKFByDCrAh9wq', 'duration_ms': 334120, 'time_signature': 4}",7pAY1Ewl6hKFByDCrAh9wq,106907,0,3,3,0,0,8756,8756,0,0
35,q=intense%20workout%20playlist%20pop%20,HOT TO GO! - Workout Remix 132 BPM,"{'danceability': 0.621, 'energy': 0.919, 'key': 6, 'loudness': -6.14, 'mode': 1, 'speechiness': 0.0289, 'acousticness': 0.00102, 'instrumentalness': 9.02e-06, 'liveness': 0.264, 'valence': 0.81, 'tempo': 131.992, 'type': 'audio_features', 'id': '4NvqgCOBeVDZF3HQktWARu', 'uri': 'spotify:track:4NvqgCOBeVDZF3HQktWARu', 'track_href': 'https://api.spotify.com/v1/tracks/4NvqgCOBeVDZF3HQktWARu', 'analysis_url': 'https://api.spotify.com/v1/audio-analysis/4NvqgCOBeVDZF3HQktWARu', 'duration_ms': 232727, 'time_signature': 4}",4NvqgCOBeVDZF3HQktWARu,3147,0,1,1,0,0,263,263,0,0
36,q=intense%20workout%20playlist%20pop%20,Apple - Workout Version 133 BPM,"{'danceability': 0.621, 'energy': 0.922, 'key': 7, 'loudness': -6.132, 'mode': 1, 'speechiness': 0.0576, 'acousticness': 0.0105, 'instrumentalness': 5.05e-06, 'liveness': 0.129, 'valence': 0.726, 'tempo': 132.555, 'type': 'audio_features', 'id': '551X2ZiKiXeBzbUPloa9fg', 'uri': 'spotify:track:551X2ZiKiXeBzbUPloa9fg', 'track_href': 'https://api.spotify.com/v1/tracks/551X2ZiKiXeBzbUPloa9fg', 'analysis_url': 'https://api.spotify.com/v1/audio-analysis/551X2ZiKiXeBzbUPloa9fg', 'duration_ms': 231847, 'time_signature': 4}",551X2ZiKiXeBzbUPloa9fg,1850,0,0,0,0,0,0,0,0,0
37,q=intense%20workout%20playlist%20pop%20,Applause (Remix),"{'danceability': 0.712, 'energy': 0.865, 'key': 7, 'loudness': -5.259, 'mode': 0, 'speechiness': 0.0623, 'acousticness': 0.0759, 'instrumentalness': 0, 'liveness': 0.0555, 'valence': 0.967, 'tempo': 139.996, 'type': 'audio_features', 'id': '787ZvGnKBiWnm97KiASLab', 'uri': 'spotify:track:787ZvGnKBiWnm97KiASLab', 'track_href': 'https://api.spotify.com/v1/tracks/787ZvGnKBiWnm97KiASLab', 'analysis_url': 'https://api.spotify.com/v1/audio-analysis/787ZvGnKBiWnm97KiASLab', 'duration_ms': 292133, 'time_signature': 4}",787ZvGnKBiWnm97KiASLab,913686,0,0,1,0,0,0,265,0,0
38,q=intense%20workout%20playlist%20pop%20,Who - Workout Version 134 BPM,"{'danceability': 0.582, 'energy': 0.938, 'key': 8, 'loudness': -5.619, 'mode': 1, 'speechiness': 0.0455, 'acousticness': 0.00486, 'instrumentalness': 0.00296, 'liveness': 0.136, 'valence': 0.565, 'tempo': 134.007, 'type': 'audio_features', 'id': '6vYfcYDODyrueLHzhdKS7e', 'uri': 'spotify:track:6vYfcYDODyrueLHzhdKS7e', 'track_href': 'https://api.spotify.com/v1/tracks/6vYfcYDODyrueLHzhdKS7e', 'analysis_url': 'https://api.spotify.com/v1/audio-analysis/6vYfcYDODyrueLHzhdKS7e', 'duration_ms': 243582, 'time_signature': 4}",6vYfcYDODyrueLHzhdKS7e,1353,0,0,0,0,0,0,0,0,0
39,q=intense%20workout%20playlist%20pop%20,Meant to Be - Fitness Version 135 BPM,"{'danceability': 0.701, 'energy': 0.907, 'key': 10, 'loudness': -5.287, 'mode': 1, 'speechiness': 0.0372, 'acousticness': 0.000359, 'instrumentalness': 8.63e-06, 'liveness': 0.0758, 'valence': 0.951, 'tempo': 135.006, 'type': 'audio_features', 'id': '1bgUmzfuj5NEiuDmU5NcLE', 'uri': 'spotify:track:1bgUmzfuj5NEiuDmU5NcLE', 'track_href': 'https://api.spotify.com/v1/tracks/1bgUmzfuj5NEiuDmU5NcLE', 'analysis_url': 'https://api.spotify.com/v1/audio-analysis/1bgUmzfuj5NEiuDmU5NcLE', 'duration_ms': 156444, 'time_signature': 4}",1bgUmzfuj5NEiuDmU5NcLE,30518,0,1,2,0,0,1220,1889,0,0
40,q=uplifting%20driving%20playlist%20reggae%20,Uptown Top Ranking - Remastered 2001,"{'danceability': 0.886, 'energy': 0.522, 'key': 7, 'loudness': -7.971, 'mode': 1, 'speechiness': 0.173, 'acousticness': 0.0477, 'instrumentalness': 0.00108, 'liveness': 0.207, 'valence': 0.79, 'tempo': 82.439, 'type': 'audio_features', 'id': '34zWZOSpU2V1ab0PiZCcv4', 'uri': 'spotify:track:34zWZOSpU2V1ab0PiZCcv4', 'track_href': 'https://api.spotify.com/v1/tracks/34zWZOSpU2V1ab0PiZCcv4', 'analysis_url': 'https://api.spotify.com/v1/audio-analysis/34zWZOSpU2V1ab0PiZCcv4', 'duration_ms': 229160, 'time_signature': 4}",34zWZOSpU2V1ab0PiZCcv4,80312793,60,1059,1423,7,17,8781274,11978891,0,1
41,q=uplifting%20driving%20playlist%20reggae%20,Good Vibes (feat. Lutan Fyah),"{'danceability': 0.733, 'energy': 0.712, 'key': 6, 'loudness': -6.914, 'mode': 1, 'speechiness': 0.132, 'acousticness': 0.163, 'instrumentalness': 0, 'liveness': 0.128, 'valence': 0.814, 'tempo': 151.569, 'type': 'audio_features', 'id': '0kNSPASJw7VASyGPbOdkn8', 'uri': 'spotify:track:0kNSPASJw7VASyGPbOdkn8', 'track_href': 'https://api.spotify.com/v1/tracks/0kNSPASJw7VASyGPbOdkn8', 'analysis_url': 'https://api.spotify.com/v1/audio-analysis/0kNSPASJw7VASyGPbOdkn8', 'duration_ms': 211880, 'time_signature': 4}",0kNSPASJw7VASyGPbOdkn8,30739887,45,263,339,0,1,502632,2450881,0,0
42,q=uplifting%20driving%20playlist%20reggae%20,Attention Span,"{'danceability': 0.64, 'energy': 0.748, 'key': 9, 'loudness': -7.194, 'mode': 1, 'speechiness': 0.0495, 'acousticness': 0.0111, 'instrumentalness': 7.17e-05, 'liveness': 0.175, 'valence': 0.693, 'tempo': 74.529, 'type': 'audio_features', 'id': '7z3EXUkDIgi6y3L46JSklf', 'uri': 'spotify:track:7z3EXUkDIgi6y3L46JSklf', 'track_href': 'https://api.spotify.com/v1/tracks/7z3EXUkDIgi6y3L46JSklf', 'analysis_url': 'https://api.spotify.com/v1/audio-analysis/7z3EXUkDIgi6y3L46JSklf', 'duration_ms': 322760, 'time_signature': 4}",7z3EXUkDIgi6y3L46JSklf,37467868,55,258,306,0,0,615988,1483469,0,0
43,q=uplifting%20driving%20playlist%20reggae%20,Road Trip,"{'danceability': 0.73, 'energy': 0.519, 'key': 11, 'loudness': -9.04, 'mode': 1, 'speechiness': 0.355, 'acousticness': 0.105, 'instrumentalness': 1.88e-06, 'liveness': 0.149, 'valence': 0.58, 'tempo': 74.409, 'type': 'audio_features', 'id': '4z7cAWJg5EfFoaYXmx15xj', 'uri': 'spotify:track:4z7cAWJg5EfFoaYXmx15xj', 'track_href': 'https://api.spotify.com/v1/tracks/4z7cAWJg5EfFoaYXmx15xj', 'analysis_url': 'https://api.spotify.com/v1/audio-analysis/4z7cAWJg5EfFoaYXmx15xj', 'duration_ms': 189268, 'time_signature': 4}",4z7cAWJg5EfFoaYXmx15xj,11051327,33,130,177,2,8,745578,1870782,0,2
44,q=uplifting%20driving%20playlist%20reggae%20,Running,"{'danceability': 0.816, 'energy': 0.493, 'key': 7, 'loudness': -9.093, 'mode': 0, 'speechiness': 0.0718, 'acousticness': 0.0103, 'instrumentalness': 0, 'liveness': 0.148, 'valence': 0.706, 'tempo': 135.135, 'type': 'audio_features', 'id': '4UZmQ42GmxNSrQS74wunHl', 'uri': 'spotify:track:4UZmQ42GmxNSrQS74wunHl', 'track_href': 'https://api.spotify.com/v1/tracks/4UZmQ42GmxNSrQS74wunHl', 'analysis_url': 'https://api.spotify.com/v1/audio-analysis/4UZmQ42GmxNSrQS74wunHl', 'duration_ms': 343320, 'time_signature': 4}",4UZmQ42GmxNSrQS74wunHl,9630154,38,82,103,0,0,102350,439647,0,0
45,q=uplifting%20driving%20playlist%20reggae%20,Driving for the Sun,"{'danceability': 0.614, 'energy': 0.676, 'key': 9, 'loudness': -7.992, 'mode': 1, 'speechiness': 0.0354, 'acousticness': 0.0528, 'instrumentalness': 0.358, 'liveness': 0.12, 'valence': 0.569, 'tempo': 78.055, 'type': 'audio_features', 'id': '0HfLZPJ19KWHFZUe4h8FSb', 'uri': 'spotify:track:0HfLZPJ19KWHFZUe4h8FSb', 'track_href': 'https://api.spotify.com/v1/tracks/0HfLZPJ19KWHFZUe4h8FSb', 'analysis_url': 'https://api.spotify.com/v1/audio-analysis/0HfLZPJ19KWHFZUe4h8FSb', 'duration_ms': 204333, 'time_signature': 4}",0HfLZPJ19KWHFZUe4h8FSb,3650069,39,40,78,0,0,126707,848193,0,0
46,q=uplifting%20driving%20playlist%20reggae%20,Route Around,"{'danceability': 0.638, 'energy': 0.37, 'key': 1, 'loudness': -10.369, 'mode': 0, 'speechiness': 0.0281, 'acousticness': 0.556, 'instrumentalness': 0.0095, 'liveness': 0.112, 'valence': 0.391, 'tempo': 129.983, 'type': 'audio_features', 'id': '4OjchTRuLMTG58p9d0xHFa', 'uri': 'spotify:track:4OjchTRuLMTG58p9d0xHFa', 'track_href': 'https://api.spotify.com/v1/tracks/4OjchTRuLMTG58p9d0xHFa', 'analysis_url': 'https://api.spotify.com/v1/audio-analysis/4OjchTRuLMTG58p9d0xHFa', 'duration_ms': 232200, 'time_signature': 4}",4OjchTRuLMTG58p9d0xHFa,7701750,34,54,65,0,0,76575,244622,0,0
47,q=uplifting%20driving%20playlist%20reggae%20,Good Day,"{'danceability': 0.877, 'energy': 0.646, 'key': 8, 'loudness': -6.616, 'mode': 1, 'speechiness': 0.0579, 'acousticness': 0.0236, 'instrumentalness': 0, 'liveness': 0.23, 'valence': 0.88, 'tempo': 140.007, 'type': 'audio_features', 'id': '4nTHLWgbhj0EpKgQnGFP7C', 'uri': 'spotify:track:4nTHLWgbhj0EpKgQnGFP7C', 'track_href': 'https://api.spotify.com/v1/tracks/4nTHLWgbhj0EpKgQnGFP7C', 'analysis_url': 'https://api.spotify.com/v1/audio-analysis/4nTHLWgbhj0EpKgQnGFP7C', 'duration_ms': 222267, 'time_signature': 4}",4nTHLWgbhj0EpKgQnGFP7C,13704074,41,86,123,0,0,166310,834702,0,7
48,q=uplifting%20driving%20playlist%20reggae%20,Press Rewind,"{'danceability': 0.888, 'energy': 0.675, 'key': 7, 'loudness': -5.547, 'mode': 1, 'speechiness': 0.0821, 'acousticness': 0.0824, 'instrumentalness': 0, 'liveness': 0.271, 'valence': 0.499, 'tempo': 135.94, 'type': 'audio_features', 'id': '1Js26hznhkLlFeRoxCtyNq', 'uri': 'spotify:track:1Js26hznhkLlFeRoxCtyNq', 'track_href': 'https://api.spotify.com/v1/tracks/1Js26hznhkLlFeRoxCtyNq', 'analysis_url': 'https://api.spotify.com/v1/audio-analysis/1Js26hznhkLlFeRoxCtyNq', 'duration_ms': 274810, 'time_signature': 4}",1Js26hznhkLlFeRoxCtyNq,8942549,45,83,136,1,8,852166,3066538,0,0
49,q=uplifting%20driving%20playlist%20reggae%20,More Energy,"{'danceability': 0.834, 'energy': 0.749, 'key': 6, 'loudness': -6.848, 'mode': 0, 'speechiness': 0.0408, 'acousticness': 0.0815, 'instrumentalness': 0, 'liveness': 0.0786, 'valence': 0.706, 'tempo': 138.95, 'type': 'audio_features', 'id': '66jvHBSC5Qk7lUb6UObUv9', 'uri': 'spotify:track:66jvHBSC5Qk7lUb6UObUv9', 'track_href': 'https://api.spotify.com/v1/tracks/66jvHBSC5Qk7lUb6UObUv9', 'analysis_url': 'https://api.spotify.com/v1/audio-analysis/66jvHBSC5Qk7lUb6UObUv9', 'duration_ms': 245512, 'time_signature': 4}",66jvHBSC5Qk7lUb6UObUv9,6334527,38,47,59,0,0,132001,201578,0,0
50,q=partying%20calming%20hip-hop%20,PARTY (feat. Quavo & Takeoff),"{'danceability': 0.786, 'energy': 0.618, 'key': 2, 'loudness': -6.449, 'mode': 1, 'speechiness': 0.153, 'acousticness': 0.024, 'instrumentalness': 0, 'liveness': 0.336, 'valence': 0.443, 'tempo': 119.964, 'type': 'audio_features', 'id': '3kT6P4hFj0IVr45TjKOLRp', 'uri': 'spotify:track:3kT6P4hFj0IVr45TjKOLRp', 'track_href': 'https://api.spotify.com/v1/tracks/3kT6P4hFj0IVr45TjKOLRp', 'analysis_url': 'https://api.spotify.com/v1/audio-analysis/3kT6P4hFj0IVr45TjKOLRp', 'duration_ms': 211025, 'time_signature': 4}",3kT6P4hFj0IVr45TjKOLRp,21345268,47,178,372,0,4,910547,7907462,0,23
51,q=partying%20calming%20hip-hop%20,Pitch In OnA Party,"{'danceability': 0.928, 'energy': 0.529, 'key': 6, 'loudness': -6.602, 'mode': 1, 'speechiness': 0.253, 'acousticness': 0.0548, 'instrumentalness': 0, 'liveness': 0.0701, 'valence': 0.567, 'tempo': 106.364, 'type': 'audio_features', 'id': '2hyyA7U1m1pFlZcEyl91jH', 'uri': 'spotify:track:2hyyA7U1m1pFlZcEyl91jH', 'track_href': 'https://api.spotify.com/v1/tracks/2hyyA7U1m1pFlZcEyl91jH', 'analysis_url': 'https://api.spotify.com/v1/audio-analysis/2hyyA7U1m1pFlZcEyl91jH', 'duration_ms': 247120, 'time_signature': 4}",2hyyA7U1m1pFlZcEyl91jH,21472184,47,336,469,0,2,757649,2057638,0,0
52,q=partying%20calming%20hip-hop%20,Party Ain't A Party,"{'danceability': 0.744, 'energy': 0.803, 'key': 7, 'loudness': -6.445, 'mode': 1, 'speechiness': 0.202, 'acousticness': 0.0259, 'instrumentalness': 0, 'liveness': 0.555, 'valence': 0.574, 'tempo': 94.088, 'type': 'audio_features', 'id': '3plNsz0KQaJjtW75gYTMEn', 'uri': 'spotify:track:3plNsz0KQaJjtW75gYTMEn', 'track_href': 'https://api.spotify.com/v1/tracks/3plNsz0KQaJjtW75gYTMEn', 'analysis_url': 'https://api.spotify.com/v1/audio-analysis/3plNsz0KQaJjtW75gYTMEn', 'duration_ms': 250200, 'time_signature': 4}",3plNsz0KQaJjtW75gYTMEn,6883023,41,170,283,1,5,709175,7518939,0,0
53,q=partying%20calming%20hip-hop%20,Who Will?,"{'danceability': 0.699, 'energy': 0.0752, 'key': 8, 'loudness': -19.751, 'mode': 0, 'speechiness': 0.228, 'acousticness': 0.964, 'instrumentalness': 0.0363, 'liveness': 0.106, 'valence': 0.481, 'tempo': 64.23, 'type': 'audio_features', 'id': '1ljglUWkHT85jxPnO3pJpE', 'uri': 'spotify:track:1ljglUWkHT85jxPnO3pJpE', 'track_href': 'https://api.spotify.com/v1/tracks/1ljglUWkHT85jxPnO3pJpE', 'analysis_url': 'https://api.spotify.com/v1/audio-analysis/1ljglUWkHT85jxPnO3pJpE', 'duration_ms': 92656, 'time_signature': 4}",1ljglUWkHT85jxPnO3pJpE,20004488,47,79,176,0,0,112305,1220784,0,0
54,q=partying%20calming%20hip-hop%20,Party's Over,"{'danceability': 0.529, 'energy': 0.19, 'key': 8, 'loudness': -15.653, 'mode': 0, 'speechiness': 0.152, 'acousticness': 0.924, 'instrumentalness': 0.000633, 'liveness': 0.0796, 'valence': 0.163, 'tempo': 81.65, 'type': 'audio_features', 'id': '4mxJ1LNoUY8IlCjkSWCrBt', 'uri': 'spotify:track:4mxJ1LNoUY8IlCjkSWCrBt', 'track_href': 'https://api.spotify.com/v1/tracks/4mxJ1LNoUY8IlCjkSWCrBt', 'analysis_url': 'https://api.spotify.com/v1/audio-analysis/4mxJ1LNoUY8IlCjkSWCrBt', 'duration_ms': 109401, 'time_signature': 5}",4mxJ1LNoUY8IlCjkSWCrBt,1789196,29,13,25,0,0,16887,336613,0,0
55,q=partying%20calming%20hip-hop%20,DANCEPARTY.,"{'danceability': 0.623, 'energy': 0.613, 'key': 8, 'loudness': -7.113, 'mode': 1, 'speechiness': 0.196, 'acousticness': 0.108, 'instrumentalness': 0, 'liveness': 0.12, 'valence': 0.366, 'tempo': 135.971, 'type': 'audio_features', 'id': '2wMGhc9BFKqVtTs8ZyjYIw', 'uri': 'spotify:track:2wMGhc9BFKqVtTs8ZyjYIw', 'track_href': 'https://api.spotify.com/v1/tracks/2wMGhc9BFKqVtTs8ZyjYIw', 'analysis_url': 'https://api.spotify.com/v1/audio-analysis/2wMGhc9BFKqVtTs8ZyjYIw', 'duration_ms': 175667, 'time_signature': 4}",2wMGhc9BFKqVtTs8ZyjYIw,1325301,39,19,70,0,1,35568,599410,0,7
56,q=partying%20calming%20hip-hop%20,You,"{'danceability': 0.65, 'energy': 0.132, 'key': 5, 'loudness': -16.37, 'mode': 1, 'speechiness': 0.247, 'acousticness': 0.762, 'instrumentalness': 0, 'liveness': 0.114, 'valence': 0.572, 'tempo': 86.247, 'type': 'audio_features', 'id': '7qRCKAymY9P2gj3gVrz4K3', 'uri': 'spotify:track:7qRCKAymY9P2gj3gVrz4K3', 'track_href': 'https://api.spotify.com/v1/tracks/7qRCKAymY9P2gj3gVrz4K3', 'analysis_url': 'https://api.spotify.com/v1/audio-analysis/7qRCKAymY9P2gj3gVrz4K3', 'duration_ms': 104542, 'time_signature': 4}",7qRCKAymY9P2gj3gVrz4K3,6431207,38,58,104,0,2,112689,2106521,0,0
57,q=partying%20calming%20hip-hop%20,PARTY MIX,"{'danceability': 0.836, 'energy': 0.818, 'key': 1, 'loudness': -3.908, 'mode': 1, 'speechiness': 0.199, 'acousticness': 0.0433, 'instrumentalness': 0, 'liveness': 0.327, 'valence': 0.613, 'tempo': 104.969, 'type': 'audio_features', 'id': '1ZQZ7z7YWkgsxDGhrFxJ3a', 'uri': 'spotify:track:1ZQZ7z7YWkgsxDGhrFxJ3a', 'track_href': 'https://api.spotify.com/v1/tracks/1ZQZ7z7YWkgsxDGhrFxJ3a', 'analysis_url': 'https://api.spotify.com/v1/audio-analysis/1ZQZ7z7YWkgsxDGhrFxJ3a', 'duration_ms': 140015, 'time_signature': 4}",1ZQZ7z7YWkgsxDGhrFxJ3a,1109121,36,4,8,0,0,5572,6751,0,0
58,q=partying%20calming%20hip-hop%20,Gratuity,"{'danceability': 0.627, 'energy': 0.472, 'key': 2, 'loudness': -10.482, 'mode': 0, 'speechiness': 0.414, 'acousticness': 0.605, 'instrumentalness': 0, 'liveness': 0.104, 'valence': 0.408, 'tempo': 114.245, 'type': 'audio_features', 'id': '1hegHGW3yUFJxRWOVl5ga9', 'uri': 'spotify:track:1hegHGW3yUFJxRWOVl5ga9', 'track_href': 'https://api.spotify.com/v1/tracks/1hegHGW3yUFJxRWOVl5ga9', 'analysis_url': 'https://api.spotify.com/v1/audio-analysis/1hegHGW3yUFJxRWOVl5ga9', 'duration_ms': 217043, 'time_signature': 4}",1hegHGW3yUFJxRWOVl5ga9,3237001,44,27,110,0,5,36342,3577751,0,0
59,q=partying%20calming%20hip-hop%20,Party All Da Time - Instrumental,"{'danceability': 0.661, 'energy': 0.33, 'key': 1, 'loudness': -19.153, 'mode': 1, 'speechiness': 0.0645, 'acousticness': 0.15, 'instrumentalness': 0.925, 'liveness': 0.0954, 'valence': 0.625, 'tempo': 90.03, 'type': 'audio_features', 'id': '7ImEEK3d9abOwJddNdlnhv', 'uri': 'spotify:track:7ImEEK3d9abOwJddNdlnhv', 'track_href': 'https://api.spotify.com/v1/tracks/7ImEEK3d9abOwJddNdlnhv', 'analysis_url': 'https://api.spotify.com/v1/audio-analysis/7ImEEK3d9abOwJddNdlnhv', 'duration_ms': 60000, 'time_signature': 4}",7ImEEK3d9abOwJddNdlnhv,2337082,45,3,5,0,0,164,22962,0,0
60,q=electronic%20calming%20driving%20,Coastal Drive,"{'danceability': 0.661, 'energy': 0.681, 'key': 2, 'loudness': -10.402, 'mode': 1, 'speechiness': 0.036, 'acousticness': 0.00105, 'instrumentalness': 0.837, 'liveness': 0.11, 'valence': 0.137, 'tempo': 114.991, 'type': 'audio_features', 'id': '6mVhh8bvVhrmVNdqhhkOx8', 'uri': 'spotify:track:6mVhh8bvVhrmVNdqhhkOx8', 'track_href': 'https://api.spotify.com/v1/tracks/6mVhh8bvVhrmVNdqhhkOx8', 'analysis_url': 'https://api.spotify.com/v1/audio-analysis/6mVhh8bvVhrmVNdqhhkOx8', 'duration_ms': 192000, 'time_signature': 4}",6mVhh8bvVhrmVNdqhhkOx8,3774589,46,145,188,0,0,335257,449592,0,0
61,q=electronic%20calming%20driving%20,Letting Go,"{'danceability': 0.718, 'energy': 0.648, 'key': 1, 'loudness': -7.436, 'mode': 0, 'speechiness': 0.0526, 'acousticness': 0.392, 'instrumentalness': 0.0495, 'liveness': 0.0681, 'valence': 0.238, 'tempo': 122.001, 'type': 'audio_features', 'id': '7DBxK5bcSCA0ntj0Dbpy1n', 'uri': 'spotify:track:7DBxK5bcSCA0ntj0Dbpy1n', 'track_href': 'https://api.spotify.com/v1/tracks/7DBxK5bcSCA0ntj0Dbpy1n', 'analysis_url': 'https://api.spotify.com/v1/audio-analysis/7DBxK5bcSCA0ntj0Dbpy1n', 'duration_ms': 254139, 'time_signature': 4}",7DBxK5bcSCA0ntj0Dbpy1n,239032,31,15,38,2,5,2198245,6910131,0,0
62,q=electronic%20calming%20driving%20,Drifting,"{'danceability': 0.593, 'energy': 0.718, 'key': 7, 'loudness': -5.781, 'mode': 1, 'speechiness': 0.0761, 'acousticness': 0.0206, 'instrumentalness': 0.616, 'liveness': 0.221, 'valence': 0.205, 'tempo': 159.875, 'type': 'audio_features', 'id': '0U6hb0mUODdVtj2YUg2TwR', 'uri': 'spotify:track:0U6hb0mUODdVtj2YUg2TwR', 'track_href': 'https://api.spotify.com/v1/tracks/0U6hb0mUODdVtj2YUg2TwR', 'analysis_url': 'https://api.spotify.com/v1/audio-analysis/0U6hb0mUODdVtj2YUg2TwR', 'duration_ms': 187000, 'time_signature': 4}",0U6hb0mUODdVtj2YUg2TwR,6805439,41,100,204,0,0,218220,3875886,0,0
63,q=electronic%20calming%20driving%20,Calling You,"{'danceability': 0.498, 'energy': 0.672, 'key': 5, 'loudness': -4.417, 'mode': 1, 'speechiness': 0.0317, 'acousticness': 0.00125, 'instrumentalness': 0.0583, 'liveness': 0.124, 'valence': 0.19, 'tempo': 169.956, 'type': 'audio_features', 'id': '74Necx530v8kXtXrhqOKHa', 'uri': 'spotify:track:74Necx530v8kXtXrhqOKHa', 'track_href': 'https://api.spotify.com/v1/tracks/74Necx530v8kXtXrhqOKHa', 'analysis_url': 'https://api.spotify.com/v1/audio-analysis/74Necx530v8kXtXrhqOKHa', 'duration_ms': 231529, 'time_signature': 4}",74Necx530v8kXtXrhqOKHa,2023202,0,35,63,0,0,81885,261243,0,0
64,q=electronic%20calming%20driving%20,Car Driving Interior,"{'danceability': 0.157, 'energy': 0.00239, 'key': 2, 'loudness': -30.334, 'mode': 0, 'speechiness': 0.0657, 'acousticness': 0.138, 'instrumentalness': 0.241, 'liveness': 0.111, 'valence': 0.0278, 'tempo': 110.321, 'type': 'audio_features', 'id': '3BLtkQfbtsvzQVqtmpLhOG', 'uri': 'spotify:track:3BLtkQfbtsvzQVqtmpLhOG', 'track_href': 'https://api.spotify.com/v1/tracks/3BLtkQfbtsvzQVqtmpLhOG', 'analysis_url': 'https://api.spotify.com/v1/audio-analysis/3BLtkQfbtsvzQVqtmpLhOG', 'duration_ms': 180000, 'time_signature': 1}",3BLtkQfbtsvzQVqtmpLhOG,2053370,0,0,0,0,0,0,0,0,0
65,q=electronic%20calming%20driving%20,Echodrift,"{'danceability': 0.709, 'energy': 0.55, 'key': 10, 'loudness': -11.828, 'mode': 1, 'speechiness': 0.0292, 'acousticness': 0.264, 'instrumentalness': 0.854, 'liveness': 0.111, 'valence': 0.17, 'tempo': 101.0, 'type': 'audio_features', 'id': '1V5lnfZHYvO6vTPAbRiuLO', 'uri': 'spotify:track:1V5lnfZHYvO6vTPAbRiuLO', 'track_href': 'https://api.spotify.com/v1/tracks/1V5lnfZHYvO6vTPAbRiuLO', 'analysis_url': 'https://api.spotify.com/v1/audio-analysis/1V5lnfZHYvO6vTPAbRiuLO', 'duration_ms': 197228, 'time_signature': 4}",1V5lnfZHYvO6vTPAbRiuLO,713108,0,10,14,0,0,22912,264847,0,0
66,q=electronic%20calming%20driving%20,Tranquility,"{'danceability': 0.835, 'energy': 0.366, 'key': 9, 'loudness': -14.865, 'mode': 0, 'speechiness': 0.0685, 'acousticness': 0.953, 'instrumentalness': 0.946, 'liveness': 0.0869, 'valence': 0.303, 'tempo': 140.009, 'type': 'audio_features', 'id': '2vtHxMgJqU6iLn9zEFv1Kg', 'uri': 'spotify:track:2vtHxMgJqU6iLn9zEFv1Kg', 'track_href': 'https://api.spotify.com/v1/tracks/2vtHxMgJqU6iLn9zEFv1Kg', 'analysis_url': 'https://api.spotify.com/v1/audio-analysis/2vtHxMgJqU6iLn9zEFv1Kg', 'duration_ms': 219429, 'time_signature': 4}",2vtHxMgJqU6iLn9zEFv1Kg,6118392,30,149,226,0,0,211180,1636900,0,0
67,q=electronic%20calming%20driving%20,Drift,"{'danceability': 0.702, 'energy': 0.472, 'key': 1, 'loudness': -15.362, 'mode': 1, 'speechiness': 0.0508, 'acousticness': 0.915, 'instrumentalness': 0.939, 'liveness': 0.0728, 'valence': 0.28, 'tempo': 109.952, 'type': 'audio_features', 'id': '5qAHOrtyU7klLYaNtnFwIL', 'uri': 'spotify:track:5qAHOrtyU7klLYaNtnFwIL', 'track_href': 'https://api.spotify.com/v1/tracks/5qAHOrtyU7klLYaNtnFwIL', 'analysis_url': 'https://api.spotify.com/v1/audio-analysis/5qAHOrtyU7klLYaNtnFwIL', 'duration_ms': 174562, 'time_signature': 4}",5qAHOrtyU7klLYaNtnFwIL,485369,0,1,14,0,0,641,16512,0,0
68,q=electronic%20calming%20driving%20,Sober Touch,"{'danceability': 0.607, 'energy': 0.592, 'key': 0, 'loudness': -9.899, 'mode': 0, 'speechiness': 0.0416, 'acousticness': 0.00267, 'instrumentalness': 0.196, 'liveness': 0.103, 'valence': 0.185, 'tempo': 79.946, 'type': 'audio_features', 'id': '5rf0DzRr2hPUreOWBqYPaG', 'uri': 'spotify:track:5rf0DzRr2hPUreOWBqYPaG', 'track_href': 'https://api.spotify.com/v1/tracks/5rf0DzRr2hPUreOWBqYPaG', 'analysis_url': 'https://api.spotify.com/v1/audio-analysis/5rf0DzRr2hPUreOWBqYPaG', 'duration_ms': 129000, 'time_signature': 4}",5rf0DzRr2hPUreOWBqYPaG,992192,0,21,37,0,0,44658,63719,0,0
69,q=electronic%20calming%20driving%20,Electric Dreams,"{'danceability': 0.522, 'energy': 0.696, 'key': 9, 'loudness': -8.766, 'mode': 0, 'speechiness': 0.0344, 'acousticness': 0.022, 'instrumentalness': 0.867, 'liveness': 0.177, 'valence': 0.0775, 'tempo': 90.024, 'type': 'audio_features', 'id': '4NGNiR0zwa26sxjeKbv59z', 'uri': 'spotify:track:4NGNiR0zwa26sxjeKbv59z', 'track_href': 'https://api.spotify.com/v1/tracks/4NGNiR0zwa26sxjeKbv59z', 'analysis_url': 'https://api.spotify.com/v1/audio-analysis/4NGNiR0zwa26sxjeKbv59z', 'duration_ms': 286159, 'time_signature': 4}",4NGNiR0zwa26sxjeKbv59z,2513887,35,85,133,0,0,487502,617427,0,0
70,q=metal%20energetic%20studying%20,G.O.A.T.,"{'danceability': 0.66, 'energy': 0.76, 'key': 11, 'loudness': -5.488, 'mode': 0, 'speechiness': 0.0332, 'acousticness': 0.000601, 'instrumentalness': 0.312, 'liveness': 0.0949, 'valence': 0.359, 'tempo': 107.028, 'type': 'audio_features', 'id': '0YPuRrM2NwzdtuShUKkts6', 'uri': 'spotify:track:0YPuRrM2NwzdtuShUKkts6', 'track_href': 'https://api.spotify.com/v1/tracks/0YPuRrM2NwzdtuShUKkts6', 'analysis_url': 'https://api.spotify.com/v1/audio-analysis/0YPuRrM2NwzdtuShUKkts6', 'duration_ms': 215999, 'time_signature': 4}",0YPuRrM2NwzdtuShUKkts6,74262200,56,295,414,0,3,561312,2620154,0,11
71,q=metal%20energetic%20studying%20,Flesh & Metal,"{'danceability': 0.398, 'energy': 0.543, 'key': 2, 'loudness': -11.466, 'mode': 1, 'speechiness': 0.0719, 'acousticness': 0.000911, 'instrumentalness': 0.835, 'liveness': 0.161, 'valence': 0.0914, 'tempo': 162.905, 'type': 'audio_features', 'id': '2I4xWxEeI56caBBsVxXd6w', 'uri': 'spotify:track:2I4xWxEeI56caBBsVxXd6w', 'track_href': 'https://api.spotify.com/v1/tracks/2I4xWxEeI56caBBsVxXd6w', 'analysis_url': 'https://api.spotify.com/v1/audio-analysis/2I4xWxEeI56caBBsVxXd6w', 'duration_ms': 422000, 'time_signature': 4}",2I4xWxEeI56caBBsVxXd6w,18876753,47,174,226,0,0,686081,822676,0,0
72,q=metal%20energetic%20studying%20,System Failure,"{'danceability': 0.52, 'energy': 0.935, 'key': 4, 'loudness': -6.866, 'mode': 0, 'speechiness': 0.0538, 'acousticness': 8.87e-05, 'instrumentalness': 0.79, 'liveness': 0.342, 'valence': 0.442, 'tempo': 95.009, 'type': 'audio_features', 'id': '1e4fxvSKMi5qLpbjNeH2IH', 'uri': 'spotify:track:1e4fxvSKMi5qLpbjNeH2IH', 'track_href': 'https://api.spotify.com/v1/tracks/1e4fxvSKMi5qLpbjNeH2IH', 'analysis_url': 'https://api.spotify.com/v1/audio-analysis/1e4fxvSKMi5qLpbjNeH2IH', 'duration_ms': 230526, 'time_signature': 4}",1e4fxvSKMi5qLpbjNeH2IH,3666908,0,28,41,0,0,24223,53595,0,0
73,q=metal%20energetic%20studying%20,Prestige Elite,"{'danceability': 0.343, 'energy': 0.968, 'key': 1, 'loudness': -7.042, 'mode': 1, 'speechiness': 0.127, 'acousticness': 5.56e-05, 'instrumentalness': 0.739, 'liveness': 0.375, 'valence': 0.126, 'tempo': 130.011, 'type': 'audio_features', 'id': '7yYGmYuPah0wdH3CDLVq07', 'uri': 'spotify:track:7yYGmYuPah0wdH3CDLVq07', 'track_href': 'https://api.spotify.com/v1/tracks/7yYGmYuPah0wdH3CDLVq07', 'analysis_url': 'https://api.spotify.com/v1/audio-analysis/7yYGmYuPah0wdH3CDLVq07', 'duration_ms': 213000, 'time_signature': 1}",7yYGmYuPah0wdH3CDLVq07,1951950,28,27,34,0,0,41434,63342,0,0
74,q=metal%20energetic%20studying%20,Light,"{'danceability': 0.499, 'energy': 0.828, 'key': 1, 'loudness': -4.374, 'mode': 0, 'speechiness': 0.0297, 'acousticness': 0.000603, 'instrumentalness': 0.957, 'liveness': 0.19, 'valence': 0.366, 'tempo': 99.054, 'type': 'audio_features', 'id': '3YMT7YnliDwUzG3FL4y4kq', 'uri': 'spotify:track:3YMT7YnliDwUzG3FL4y4kq', 'track_href': 'https://api.spotify.com/v1/tracks/3YMT7YnliDwUzG3FL4y4kq', 'analysis_url': 'https://api.spotify.com/v1/audio-analysis/3YMT7YnliDwUzG3FL4y4kq', 'duration_ms': 230615, 'time_signature': 4}",3YMT7YnliDwUzG3FL4y4kq,9862269,42,46,61,0,0,136980,177441,0,0
75,q=metal%20energetic%20studying%20,The Center of Celestial Existence,"{'danceability': 0.478, 'energy': 0.856, 'key': 10, 'loudness': -11.453, 'mode': 0, 'speechiness': 0.0602, 'acousticness': 0.00111, 'instrumentalness': 0.953, 'liveness': 0.0965, 'valence': 0.0375, 'tempo': 134.929, 'type': 'audio_features', 'id': '2DQQ1qMBlH6GLdDbWTDMBn', 'uri': 'spotify:track:2DQQ1qMBlH6GLdDbWTDMBn', 'track_href': 'https://api.spotify.com/v1/tracks/2DQQ1qMBlH6GLdDbWTDMBn', 'analysis_url': 'https://api.spotify.com/v1/audio-analysis/2DQQ1qMBlH6GLdDbWTDMBn', 'duration_ms': 114000, 'time_signature': 5}",2DQQ1qMBlH6GLdDbWTDMBn,220617,0,3,9,0,0,1356,3557,0,0
76,q=metal%20energetic%20studying%20,Resonance,"{'danceability': 0.327, 'energy': 0.777, 'key': 0, 'loudness': -7.136, 'mode': 0, 'speechiness': 0.0354, 'acousticness': 3.15e-05, 'instrumentalness': 0.739, 'liveness': 0.0856, 'valence': 0.346, 'tempo': 84.993, 'type': 'audio_features', 'id': '0f8WKV8CuhbTsEAuIxBaGX', 'uri': 'spotify:track:0f8WKV8CuhbTsEAuIxBaGX', 'track_href': 'https://api.spotify.com/v1/tracks/0f8WKV8CuhbTsEAuIxBaGX', 'analysis_url': 'https://api.spotify.com/v1/audio-analysis/0f8WKV8CuhbTsEAuIxBaGX', 'duration_ms': 174088, 'time_signature': 4}",0f8WKV8CuhbTsEAuIxBaGX,3074682,0,10,18,0,0,36638,50169,0,0
77,q=metal%20energetic%20studying%20,Envision (feat. Rick Graham),"{'danceability': 0.236, 'energy': 0.955, 'key': 2, 'loudness': -3.577, 'mode': 1, 'speechiness': 0.113, 'acousticness': 2.54e-05, 'instrumentalness': 0.853, 'liveness': 0.304, 'valence': 0.234, 'tempo': 114.9, 'type': 'audio_features', 'id': '50IYx2C7UfAmadookvL8ap', 'uri': 'spotify:track:50IYx2C7UfAmadookvL8ap', 'track_href': 'https://api.spotify.com/v1/tracks/50IYx2C7UfAmadookvL8ap', 'analysis_url': 'https://api.spotify.com/v1/audio-analysis/50IYx2C7UfAmadookvL8ap', 'duration_ms': 289360, 'time_signature': 4}",50IYx2C7UfAmadookvL8ap,3194831,34,13,20,0,0,92667,184996,0,0
78,q=metal%20energetic%20studying%20,I'm Closing My Eyes,"{'danceability': 0.417, 'energy': 0.868, 'key': 4, 'loudness': -7.836, 'mode': 1, 'speechiness': 0.0543, 'acousticness': 1.91e-05, 'instrumentalness': 0.928, 'liveness': 0.874, 'valence': 0.512, 'tempo': 140.039, 'type': 'audio_features', 'id': '1VFyYrik3z8IMpXbP2hUPL', 'uri': 'spotify:track:1VFyYrik3z8IMpXbP2hUPL', 'track_href': 'https://api.spotify.com/v1/tracks/1VFyYrik3z8IMpXbP2hUPL', 'analysis_url': 'https://api.spotify.com/v1/audio-analysis/1VFyYrik3z8IMpXbP2hUPL', 'duration_ms': 109714, 'time_signature': 4}",1VFyYrik3z8IMpXbP2hUPL,1166060,0,0,5,0,0,0,5360,0,0
79,q=metal%20energetic%20studying%20,Metal Zone,"{'danceability': 0.369, 'energy': 0.93, 'key': 6, 'loudness': -5.499, 'mode': 1, 'speechiness': 0.118, 'acousticness': 4.61e-06, 'instrumentalness': 0.948, 'liveness': 0.321, 'valence': 0.379, 'tempo': 159.687, 'type': 'audio_features', 'id': '2n6OfaTIml6ZPTbSL5Shk7', 'uri': 'spotify:track:2n6OfaTIml6ZPTbSL5Shk7', 'track_href': 'https://api.spotify.com/v1/tracks/2n6OfaTIml6ZPTbSL5Shk7', 'analysis_url': 'https://api.spotify.com/v1/audio-analysis/2n6OfaTIml6ZPTbSL5Shk7', 'duration_ms': 86625, 'time_signature': 5}",2n6OfaTIml6ZPTbSL5Shk7,757764,0,9,24,0,0,19702,65160,0,0
80,q=driving%20music%20in%20folk%20style%20for%20calming%20,Wyoming,"{'danceability': 0.636, 'energy': 0.153, 'key': 0, 'loudness': -13.784, 'mode': 1, 'speechiness': 0.0417, 'acousticness': 0.922, 'instrumentalness': 0.925, 'liveness': 0.111, 'valence': 0.19, 'tempo': 149.971, 'type': 'audio_features', 'id': '6Jr5Kkj2eeJMma7n1w5nS5', 'uri': 'spotify:track:6Jr5Kkj2eeJMma7n1w5nS5', 'track_href': 'https://api.spotify.com/v1/tracks/6Jr5Kkj2eeJMma7n1w5nS5', 'analysis_url': 'https://api.spotify.com/v1/audio-analysis/6Jr5Kkj2eeJMma7n1w5nS5', 'duration_ms': 179801, 'time_signature': 3}",6Jr5Kkj2eeJMma7n1w5nS5,104275,0,6,11,0,0,11825,19521,0,0
81,q=driving%20music%20in%20folk%20style%20for%20calming%20,Indie Folk Acoustic,"{'danceability': 0.679, 'energy': 0.55, 'key': 0, 'loudness': -14.734, 'mode': 1, 'speechiness': 0.0536, 'acousticness': 0.669, 'instrumentalness': 0.809, 'liveness': 0.11, 'valence': 0.218, 'tempo': 119.998, 'type': 'audio_features', 'id': '5OgoALxAsdifEKhVeGt3yu', 'uri': 'spotify:track:5OgoALxAsdifEKhVeGt3yu', 'track_href': 'https://api.spotify.com/v1/tracks/5OgoALxAsdifEKhVeGt3yu', 'analysis_url': 'https://api.spotify.com/v1/audio-analysis/5OgoALxAsdifEKhVeGt3yu', 'duration_ms': 102000, 'time_signature': 4}",5OgoALxAsdifEKhVeGt3yu,121477,0,0,5,0,0,0,5652,0,0
82,q=driving%20music%20in%20folk%20style%20for%20calming%20,Julia,"{'danceability': 0.678, 'energy': 0.065, 'key': 11, 'loudness': -11.729, 'mode': 1, 'speechiness': 0.0985, 'acousticness': 0.975, 'instrumentalness': 0.885, 'liveness': 0.0986, 'valence': 0.237, 'tempo': 134.889, 'type': 'audio_features', 'id': '3bwg9Bk1gvul1dAR0y0ksT', 'uri': 'spotify:track:3bwg9Bk1gvul1dAR0y0ksT', 'track_href': 'https://api.spotify.com/v1/tracks/3bwg9Bk1gvul1dAR0y0ksT', 'analysis_url': 'https://api.spotify.com/v1/audio-analysis/3bwg9Bk1gvul1dAR0y0ksT', 'duration_ms': 127174, 'time_signature': 4}",3bwg9Bk1gvul1dAR0y0ksT,320552,0,13,14,0,0,69799,70136,0,0
83,q=driving%20music%20in%20folk%20style%20for%20calming%20,Roving Gambler,"{'danceability': 0.661, 'energy': 0.46, 'key': 11, 'loudness': -10.545, 'mode': 1, 'speechiness': 0.0347, 'acousticness': 0.646, 'instrumentalness': 0.00593, 'liveness': 0.0913, 'valence': 0.891, 'tempo': 116.687, 'type': 'audio_features', 'id': '3UuWMFOMUqAe68LViLsAl1', 'uri': 'spotify:track:3UuWMFOMUqAe68LViLsAl1', 'track_href': 'https://api.spotify.com/v1/tracks/3UuWMFOMUqAe68LViLsAl1', 'analysis_url': 'https://api.spotify.com/v1/audio-analysis/3UuWMFOMUqAe68LViLsAl1', 'duration_ms': 190667, 'time_signature': 4}",3UuWMFOMUqAe68LViLsAl1,1120882,0,19,32,1,1,138989,192281,0,0
84,q=driving%20music%20in%20folk%20style%20for%20calming%20,Our Town,"{'danceability': 0.304, 'energy': 0.024, 'key': 2, 'loudness': -25.085, 'mode': 1, 'speechiness': 0.0495, 'acousticness': 0.994, 'instrumentalness': 0.935, 'liveness': 0.108, 'valence': 0.312, 'tempo': 75.98, 'type': 'audio_features', 'id': '6YwVYM1BUd81B3F2gAeLWa', 'uri': 'spotify:track:6YwVYM1BUd81B3F2gAeLWa', 'track_href': 'https://api.spotify.com/v1/tracks/6YwVYM1BUd81B3F2gAeLWa', 'analysis_url': 'https://api.spotify.com/v1/audio-analysis/6YwVYM1BUd81B3F2gAeLWa', 'duration_ms': 226280, 'time_signature': 4}",6YwVYM1BUd81B3F2gAeLWa,562642,0,12,30,0,0,53192,280714,0,0
85,q=driving%20music%20in%20folk%20style%20for%20calming%20,Cripple Creek,"{'danceability': 0.496, 'energy': 0.393, 'key': 7, 'loudness': -12.14, 'mode': 1, 'speechiness': 0.0416, 'acousticness': 0.628, 'instrumentalness': 0.874, 'liveness': 0.131, 'valence': 0.858, 'tempo': 100.035, 'type': 'audio_features', 'id': '7da30vuOjuW8KdW2qYW2gE', 'uri': 'spotify:track:7da30vuOjuW8KdW2qYW2gE', 'track_href': 'https://api.spotify.com/v1/tracks/7da30vuOjuW8KdW2qYW2gE', 'analysis_url': 'https://api.spotify.com/v1/audio-analysis/7da30vuOjuW8KdW2qYW2gE', 'duration_ms': 81375, 'time_signature': 4}",7da30vuOjuW8KdW2qYW2gE,60097,0,5,5,0,0,18863,18863,0,0
86,q=driving%20music%20in%20folk%20style%20for%20calming%20,Elevate,"{'danceability': 0.441, 'energy': 0.51, 'key': 7, 'loudness': -9.668, 'mode': 1, 'speechiness': 0.0288, 'acousticness': 0.394, 'instrumentalness': 0.877, 'liveness': 0.337, 'valence': 0.376, 'tempo': 82.538, 'type': 'audio_features', 'id': '3y0NVBcg8E6G6UrX8bfjtg', 'uri': 'spotify:track:3y0NVBcg8E6G6UrX8bfjtg', 'track_href': 'https://api.spotify.com/v1/tracks/3y0NVBcg8E6G6UrX8bfjtg', 'analysis_url': 'https://api.spotify.com/v1/audio-analysis/3y0NVBcg8E6G6UrX8bfjtg', 'duration_ms': 183273, 'time_signature': 3}",3y0NVBcg8E6G6UrX8bfjtg,402252,31,12,18,0,0,64300,82120,0,0
87,q=driving%20music%20in%20folk%20style%20for%20calming%20,Rest And Be Thankful,"{'danceability': 0.486, 'energy': 0.0173, 'key': 5, 'loudness': -23.984, 'mode': 1, 'speechiness': 0.0504, 'acousticness': 0.994, 'instrumentalness': 0.919, 'liveness': 0.0836, 'valence': 0.115, 'tempo': 63.51, 'type': 'audio_features', 'id': '4rWFhSkHuCflr32an44fXA', 'uri': 'spotify:track:4rWFhSkHuCflr32an44fXA', 'track_href': 'https://api.spotify.com/v1/tracks/4rWFhSkHuCflr32an44fXA', 'analysis_url': 'https://api.spotify.com/v1/audio-analysis/4rWFhSkHuCflr32an44fXA', 'duration_ms': 170004, 'time_signature': 4}",4rWFhSkHuCflr32an44fXA,182613,0,8,32,0,0,26458,118679,0,0
88,q=driving%20music%20in%20folk%20style%20for%20calming%20,Wilson rag,"{'danceability': 0.398, 'energy': 0.425, 'key': 5, 'loudness': -17.765, 'mode': 0, 'speechiness': 0.0341, 'acousticness': 0.903, 'instrumentalness': 0.806, 'liveness': 0.102, 'valence': 0.924, 'tempo': 97.263, 'type': 'audio_features', 'id': '0f17rxB5YPXL5Pab3Yzsv0', 'uri': 'spotify:track:0f17rxB5YPXL5Pab3Yzsv0', 'track_href': 'https://api.spotify.com/v1/tracks/0f17rxB5YPXL5Pab3Yzsv0', 'analysis_url': 'https://api.spotify.com/v1/audio-analysis/0f17rxB5YPXL5Pab3Yzsv0', 'duration_ms': 100693, 'time_signature': 4}",0f17rxB5YPXL5Pab3Yzsv0,4415734,43,62,100,0,0,199071,335012,0,0
89,q=driving%20music%20in%20folk%20style%20for%20calming%20,Doc's Guitar,"{'danceability': 0.34, 'energy': 0.254, 'key': 3, 'loudness': -26.119, 'mode': 1, 'speechiness': 0.0406, 'acousticness': 0.875, 'instrumentalness': 0.916, 'liveness': 0.119, 'valence': 0.975, 'tempo': 140.842, 'type': 'audio_features', 'id': '7Et5yl6orzIks2i95ZPztQ', 'uri': 'spotify:track:7Et5yl6orzIks2i95ZPztQ', 'track_href': 'https://api.spotify.com/v1/tracks/7Et5yl6orzIks2i95ZPztQ', 'analysis_url': 'https://api.spotify.com/v1/audio-analysis/7Et5yl6orzIks2i95ZPztQ', 'duration_ms': 78000, 'time_signature': 4}",7Et5yl6orzIks2i95ZPztQ,943326,0,14,20,0,0,19716,32239,0,0
90,q=rock%20sad%20workout%20,Sad But True (Workout Mix),"{'danceability': 0.59, 'energy': 0.915, 'key': 7, 'loudness': -4.975, 'mode': 1, 'speechiness': 0.045, 'acousticness': 0.00348, 'instrumentalness': 0, 'liveness': 0.0583, 'valence': 0.489, 'tempo': 89.004, 'type': 'audio_features', 'id': '7jQS5Pl3fGAL4Lxdfg99VF', 'uri': 'spotify:track:7jQS5Pl3fGAL4Lxdfg99VF', 'track_href': 'https://api.spotify.com/v1/tracks/7jQS5Pl3fGAL4Lxdfg99VF', 'analysis_url': 'https://api.spotify.com/v1/audio-analysis/7jQS5Pl3fGAL4Lxdfg99VF', 'duration_ms': 323187, 'time_signature': 4}",7jQS5Pl3fGAL4Lxdfg99VF,,,,,,,,,,
91,q=rock%20sad%20workout%20,Somebody to Love (2022 Workout Remix),"{'danceability': 0.792, 'energy': 0.715, 'key': 11, 'loudness': -7.834, 'mode': 1, 'speechiness': 0.0419, 'acousticness': 0.000134, 'instrumentalness': 0.25, 'liveness': 0.0345, 'valence': 0.882, 'tempo': 130.977, 'type': 'audio_features', 'id': '6vgdTVpCtm59R3fOgdyYHv', 'uri': 'spotify:track:6vgdTVpCtm59R3fOgdyYHv', 'track_href': 'https://api.spotify.com/v1/tracks/6vgdTVpCtm59R3fOgdyYHv', 'analysis_url': 'https://api.spotify.com/v1/audio-analysis/6vgdTVpCtm59R3fOgdyYHv', 'duration_ms': 404520, 'time_signature': 4}",6vgdTVpCtm59R3fOgdyYHv,,,,,,,,,,
92,q=rock%20sad%20workout%20,Smells Like Teen Spirit - Workout Music 130 Bpm,"{'danceability': 0.542, 'energy': 0.997, 'key': 8, 'loudness': -4.841, 'mode': 1, 'speechiness': 0.0368, 'acousticness': 0.000249, 'instrumentalness': 0.0229, 'liveness': 0.0613, 'valence': 0.619, 'tempo': 130.033, 'type': 'audio_features', 'id': '0iQJMd2BZlY9WnUxglCYgG', 'uri': 'spotify:track:0iQJMd2BZlY9WnUxglCYgG', 'track_href': 'https://api.spotify.com/v1/tracks/0iQJMd2BZlY9WnUxglCYgG', 'analysis_url': 'https://api.spotify.com/v1/audio-analysis/0iQJMd2BZlY9WnUxglCYgG', 'duration_ms': 316604, 'time_signature': 4}",0iQJMd2BZlY9WnUxglCYgG,,,,,,,,,,
93,q=rock%20sad%20workout%20,Sweet Child O' Mine - Workout Mix 128 BPM,"{'danceability': 0.543, 'energy': 0.783, 'key': 6, 'loudness': -5.649, 'mode': 1, 'speechiness': 0.0405, 'acousticness': 7.09e-05, 'instrumentalness': 7.68e-05, 'liveness': 0.111, 'valence': 0.661, 'tempo': 127.987, 'type': 'audio_features', 'id': '6zUOshjRmV5029qYbfE3q5', 'uri': 'spotify:track:6zUOshjRmV5029qYbfE3q5', 'track_href': 'https://api.spotify.com/v1/tracks/6zUOshjRmV5029qYbfE3q5', 'analysis_url': 'https://api.spotify.com/v1/audio-analysis/6zUOshjRmV5029qYbfE3q5', 'duration_ms': 345717, 'time_signature': 4}",6zUOshjRmV5029qYbfE3q5,,,,,,,,,,
94,q=rock%20sad%20workout%20,Enter Sandman - Hard Rock Remix,"{'danceability': 0.53, 'energy': 0.986, 'key': 6, 'loudness': -4.29, 'mode': 0, 'speechiness': 0.113, 'acousticness': 5.41e-05, 'instrumentalness': 0.00137, 'liveness': 0.1, 'valence': 0.495, 'tempo': 129.982, 'type': 'audio_features', 'id': '2PfZgOsagpqjlfSJXJzmCI', 'uri': 'spotify:track:2PfZgOsagpqjlfSJXJzmCI', 'track_href': 'https://api.spotify.com/v1/tracks/2PfZgOsagpqjlfSJXJzmCI', 'analysis_url': 'https://api.spotify.com/v1/audio-analysis/2PfZgOsagpqjlfSJXJzmCI', 'duration_ms': 293542, 'time_signature': 4}",2PfZgOsagpqjlfSJXJzmCI,,,,,,,,,,
95,q=rock%20sad%20workout%20,Bring Me to Life - Hard Rock Remix,"{'danceability': 0.507, 'energy': 0.995, 'key': 4, 'loudness': -3.612, 'mode': 0, 'speechiness': 0.193, 'acousticness': 0.000102, 'instrumentalness': 0.0188, 'liveness': 0.436, 'valence': 0.365, 'tempo': 130.018, 'type': 'audio_features', 'id': '4ApxzbzLwKXjpBBdCgfpuT', 'uri': 'spotify:track:4ApxzbzLwKXjpBBdCgfpuT', 'track_href': 'https://api.spotify.com/v1/tracks/4ApxzbzLwKXjpBBdCgfpuT', 'analysis_url': 'https://api.spotify.com/v1/audio-analysis/4ApxzbzLwKXjpBBdCgfpuT', 'duration_ms': 310160, 'time_signature': 4}",4ApxzbzLwKXjpBBdCgfpuT,,,,,,,,,,
96,q=rock%20sad%20workout%20,Enter Sandman - Workout Music 128 Bpm,"{'danceability': 0.69, 'energy': 0.737, 'key': 6, 'loudness': -5.766, 'mode': 0, 'speechiness': 0.047, 'acousticness': 0.000159, 'instrumentalness': 0.00411, 'liveness': 0.0885, 'valence': 0.823, 'tempo': 128.014, 'type': 'audio_features', 'id': '4SLsOKz5uYIOBHrABNs3pd', 'uri': 'spotify:track:4SLsOKz5uYIOBHrABNs3pd', 'track_href': 'https://api.spotify.com/v1/tracks/4SLsOKz5uYIOBHrABNs3pd', 'analysis_url': 'https://api.spotify.com/v1/audio-analysis/4SLsOKz5uYIOBHrABNs3pd', 'duration_ms': 347238, 'time_signature': 4}",4SLsOKz5uYIOBHrABNs3pd,,,,,,,,,,
97,q=rock%20sad%20workout%20,Crazy Train - Hard Rock Remix,"{'danceability': 0.503, 'energy': 0.985, 'key': 9, 'loudness': -4.81, 'mode': 1, 'speechiness': 0.062, 'acousticness': 1.02e-05, 'instrumentalness': 0.0349, 'liveness': 0.344, 'valence': 0.567, 'tempo': 130.005, 'type': 'audio_features', 'id': '5d4zh95X6UeB69hZEoVz5v', 'uri': 'spotify:track:5d4zh95X6UeB69hZEoVz5v', 'track_href': 'https://api.spotify.com/v1/tracks/5d4zh95X6UeB69hZEoVz5v', 'analysis_url': 'https://api.spotify.com/v1/audio-analysis/5d4zh95X6UeB69hZEoVz5v', 'duration_ms': 384002, 'time_signature': 4}",5d4zh95X6UeB69hZEoVz5v,,,,,,,,,,
98,q=rock%20sad%20workout%20,Crazy Train (Fitness Version),"{'danceability': 0.636, 'energy': 0.944, 'key': 11, 'loudness': -3.959, 'mode': 0, 'speechiness': 0.0524, 'acousticness': 0.000491, 'instrumentalness': 0.111, 'liveness': 0.35, 'valence': 0.727, 'tempo': 160.062, 'type': 'audio_features', 'id': '3K42v1U1TxtjXKpJv4zy7R', 'uri': 'spotify:track:3K42v1U1TxtjXKpJv4zy7R', 'track_href': 'https://api.spotify.com/v1/tracks/3K42v1U1TxtjXKpJv4zy7R', 'analysis_url': 'https://api.spotify.com/v1/audio-analysis/3K42v1U1TxtjXKpJv4zy7R', 'duration_ms': 234000, 'time_signature': 4}",3K42v1U1TxtjXKpJv4zy7R,,,,,,,,,,
99,q=rock%20sad%20workout%20,Dead And Done,"{'danceability': 0.419, 'energy': 0.939, 'key': 9, 'loudness': -4.075, 'mode': 1, 'speechiness': 0.0656, 'acousticness': 3.31e-05, 'instrumentalness': 0.299, 'liveness': 0.327, 'valence': 0.593, 'tempo': 154.009, 'type': 'audio_features', 'id': '6FwwzvOfCSLSDAJGojGWYW', 'uri': 'spotify:track:6FwwzvOfCSLSDAJGojGWYW', 'track_href': 'https://api.spotify.com/v1/tracks/6FwwzvOfCSLSDAJGojGWYW', 'analysis_url': 'https://api.spotify.com/v1/audio-analysis/6FwwzvOfCSLSDAJGojGWYW', 'duration_ms': 207093, 'time_signature': 4}",6FwwzvOfCSLSDAJGojGWYW,3193849,33,18,48,0,0,47057,598932,0,0
